Monkeys Spinning Monkeys,Kevin MacLeod & Kevin The Monkey
Love You So,The King Khan & BBQ Show
BABY OTAKU,Pablo Pesadilla & PolimÃ¡ Westcoast & Nickoog Clk & Fran C
CUFF IT,BeyoncÃ©
Aesthetic,Tollan Kim
original sound - rinaskrg,rinaskrgn
DJ Sipak Nando Nando Meyden x DedeOmat,dedeomat
BIZCOCHITO,ROSALÃA
original sound - danivallem,Dani Valle
Original Sound,Unknown
original sound - ojc.oli,ojccccc
MELODY ZEXXO SPEED UP KANE,ğ—­ğ—˜ğ—«ğ—«ğ—¢ğŸ¥µ
original sound - hanzerrr,hannah :)
Sensual Seduction,Snoop Dogg
Run Boy Run,Woodkid
KU LO SA (Edit),KV
Somewhere Only We Know,~Barbie Movies~
B.O.T.A. (Baddest Of Them All),Eliza Rose & Interplanetary Criminal
DINO SONG,Mr. Popolo
Funny Song,Cavendish Music
Cool Kids (our sped up version),Echosmith
Paris,Else
original sound - xxtristanxo,xxtristanxo
Super Freaky Girl,Nicki Minaj
Unholy,Sam Smith & Kim Petras
Shut Down,BLACKPINK
Blade Runner 2049,Synthwave Goose
super freaky girl nicki minaj out now,SUPER FRE@KY GIRL OUT NOW !!
original sound - songspzed,:)
original sound - ferchismejia,ğ•±ğ–Šğ–—ğ–ˆğ–ğ–ğ–˜ ğ•¸ğ–Šğ–Ã­ğ–†
